User ID,Book ID
1,Book 2
1,Book 12
1,Book 34
1,Book 35
1,Book 44
1,Book 51
1,Book 53
1,Book 56
1,Book 70
1,Book 105
1,Book 113
1,Book 135
1,Book 140
1,Book 141
1,Book 151
1,Book 155
1,Book 179
1,Book 183
1,Book 193
1,Book 227
1,Book 241
1,Book 242
1,Book 243
1,Book 246
1,Book 248
1,Book 249
1,Book 257
1,Book 262
1,Book 274
1,Book 306
1,Book 314
1,Book 325
1,Book 359
1,Book 365
1,Book 367
1,Book 368
1,Book 391
1,Book 396
1,Book 402
1,Book 409
1,Book 412
1,Book 413
1,Book 442
1,Book 446
1,Book 447
1,Book 454
1,Book 465
1,Book 470
1,Book 472
1,Book 476
1,Book 479
1,Book 486
1,Book 489
1,Book 499
1,Book 500
1,Book 507
1,Book 509
1,Book 513
1,Book 519
1,Book 523
1,Book 532
1,Book 533
1,Book 536
1,Book 541
1,Book 569
1,Book 576
1,Book 578
1,Book 582
1,Book 616
1,Book 662
1,Book 676
1,Book 679
1,Book 685
1,Book 706
1,Book 716
1,Book 718
1,Book 721
1,Book 749
1,Book 752
1,Book 786
1,Book 790
1,Book 797
1,Book 800
1,Book 807
1,Book 808
1,Book 811
1,Book 814
1,Book 826
1,Book 837
1,Book 844
1,Book 848
1,Book 870
1,Book 918
1,Book 933
1,Book 938
1,Book 948
1,Book 954
1,Book 972
1,Book 997
1,Book 999
2,Book 12
2,Book 13
2,Book 16
2,Book 19
2,Book 23
2,Book 24
2,Book 25
2,Book 53
2,Book 55
2,Book 62
2,Book 75
2,Book 80
2,Book 85
2,Book 89
2,Book 91
2,Book 102
2,Book 104
2,Book 105
2,Book 122
2,Book 172
2,Book 181
2,Book 184
2,Book 186
2,Book 197
2,Book 198
2,Book 210
2,Book 221
2,Book 224
2,Book 229
2,Book 239
2,Book 249
2,Book 278
2,Book 302
2,Book 325
2,Book 334
2,Book 335
2,Book 349
2,Book 357
2,Book 361
2,Book 368
2,Book 371
2,Book 383
2,Book 389
2,Book 416
2,Book 420
2,Book 425
2,Book 426
2,Book 428
2,Book 441
2,Book 449
2,Book 456
2,Book 465
2,Book 467
2,Book 513
2,Book 520
2,Book 522
2,Book 545
2,Book 551
2,Book 560
2,Book 585
2,Book 592
2,Book 617
2,Book 624
2,Book 635
2,Book 639
2,Book 640
2,Book 656
2,Book 663
2,Book 665
2,Book 668
2,Book 682
2,Book 687
2,Book 699
2,Book 701
2,Book 716
2,Book 719
2,Book 728
2,Book 755
2,Book 757
2,Book 774
2,Book 782
2,Book 801
2,Book 816
2,Book 828
2,Book 831
2,Book 839
2,Book 845
2,Book 855
2,Book 865
2,Book 866
2,Book 890
2,Book 907
2,Book 913
2,Book 955
2,Book 956
2,Book 976
2,Book 997
3,Book 3
3,Book 13
3,Book 21
3,Book 23
3,Book 28
3,Book 34
3,Book 54
3,Book 79
3,Book 84
3,Book 92
3,Book 101
3,Book 108
3,Book 110
3,Book 123
3,Book 125
3,Book 166
3,Book 186
3,Book 192
3,Book 201
3,Book 206
3,Book 210
3,Book 214
3,Book 233
3,Book 244
3,Book 252
3,Book 275
3,Book 287
3,Book 305
3,Book 315
3,Book 321
3,Book 326
3,Book 345
3,Book 352
3,Book 357
3,Book 383
3,Book 409
3,Book 416
3,Book 426
3,Book 428
3,Book 433
3,Book 435
3,Book 452
3,Book 461
3,Book 472
3,Book 473
3,Book 483
3,Book 486
3,Book 499
3,Book 504
3,Book 516
3,Book 528
3,Book 530
3,Book 554
3,Book 556
3,Book 570
3,Book 572
3,Book 577
3,Book 624
3,Book 626
3,Book 637
3,Book 639
3,Book 647
3,Book 695
3,Book 702
3,Book 718
3,Book 734
3,Book 735
3,Book 737
3,Book 739
3,Book 755
3,Book 766
3,Book 783
3,Book 787
3,Book 789
3,Book 790
3,Book 792
3,Book 799
3,Book 802
3,Book 803
3,Book 804
3,Book 806
3,Book 821
3,Book 836
3,Book 837
3,Book 843
3,Book 844
3,Book 854
3,Book 863
3,Book 872
3,Book 886
3,Book 907
3,Book 914
3,Book 926
3,Book 928
3,Book 939
3,Book 950
3,Book 955
3,Book 964
3,Book 969
3,Book 980
3,Book 986
4,Book 7
4,Book 27
4,Book 38
4,Book 42
4,Book 56
4,Book 60
4,Book 68
4,Book 77
4,Book 80
4,Book 92
4,Book 97
4,Book 103
4,Book 129
4,Book 133
4,Book 142
4,Book 157
4,Book 167
4,Book 192
4,Book 193
4,Book 197
4,Book 238
4,Book 289
4,Book 295
4,Book 302
4,Book 337
4,Book 353
4,Book 365
4,Book 395
4,Book 396
4,Book 403
4,Book 408
4,Book 432
4,Book 439
4,Book 440
4,Book 444
4,Book 445
4,Book 455
4,Book 477
4,Book 484
4,Book 503
4,Book 507
4,Book 513
4,Book 516
4,Book 527
4,Book 529
4,Book 574
4,Book 591
4,Book 609
4,Book 610
4,Book 637
4,Book 642
4,Book 650
4,Book 660
4,Book 687
4,Book 697
4,Book 699
4,Book 705
4,Book 710
4,Book 715
4,Book 723
4,Book 726
4,Book 732
4,Book 741
4,Book 752
4,Book 772
4,Book 776
4,Book 790
4,Book 802
4,Book 804
4,Book 806
4,Book 837
4,Book 839
4,Book 847
4,Book 854
4,Book 883
4,Book 886
4,Book 887
4,Book 903
4,Book 914
4,Book 915
4,Book 921
4,Book 925
4,Book 931
4,Book 953
4,Book 957
4,Book 971
4,Book 976
4,Book 986
5,Book 34
5,Book 36
5,Book 37
5,Book 51
5,Book 60
5,Book 68
5,Book 94
5,Book 107
5,Book 117
5,Book 124
5,Book 128
5,Book 145
5,Book 159
5,Book 172
5,Book 176
5,Book 204
5,Book 234
5,Book 246
5,Book 250
5,Book 257
5,Book 270
5,Book 272
5,Book 294
5,Book 302
5,Book 312
5,Book 315
5,Book 322
5,Book 326
5,Book 328
5,Book 338
5,Book 354
5,Book 387
5,Book 395
5,Book 405
5,Book 407
5,Book 422
5,Book 434
5,Book 439
5,Book 446
5,Book 463
5,Book 469
5,Book 471
5,Book 472
5,Book 510
5,Book 528
5,Book 551
5,Book 559
5,Book 560
5,Book 579
5,Book 581
5,Book 586
5,Book 603
5,Book 609
5,Book 625
5,Book 636
5,Book 641
5,Book 678
5,Book 683
5,Book 690
5,Book 700
5,Book 718
5,Book 720
5,Book 727
5,Book 734
5,Book 744
5,Book 760
5,Book 762
5,Book 766
5,Book 788
5,Book 792
5,Book 803
5,Book 808
5,Book 816
5,Book 817
5,Book 841
5,Book 842
5,Book 847
5,Book 851
5,Book 858
5,Book 859
5,Book 900
5,Book 905
5,Book 907
5,Book 916
5,Book 921
5,Book 930
5,Book 933
5,Book 937
5,Book 946
5,Book 967
5,Book 969
5,Book 981
5,Book 991
6,Book 23
6,Book 25
6,Book 38
6,Book 40
6,Book 61
6,Book 62
6,Book 69
6,Book 75
6,Book 110
6,Book 111
6,Book 122
6,Book 125
6,Book 135
6,Book 140
6,Book 153
6,Book 166
6,Book 180
6,Book 184
6,Book 186
6,Book 189
6,Book 194
6,Book 202
6,Book 205
6,Book 211
6,Book 241
6,Book 244
6,Book 252
6,Book 265
6,Book 279
6,Book 281
6,Book 287
6,Book 313
6,Book 314
6,Book 318
6,Book 324
6,Book 335
6,Book 336
6,Book 339
6,Book 342
6,Book 345
6,Book 352
6,Book 358
6,Book 366
6,Book 388
6,Book 402
6,Book 403
6,Book 407
6,Book 423
6,Book 427
6,Book 444
6,Book 459
6,Book 460
6,Book 486
6,Book 490
6,Book 512
6,Book 553
6,Book 562
6,Book 565
6,Book 570
6,Book 571
6,Book 578
6,Book 579
6,Book 589
6,Book 594
6,Book 622
6,Book 659
6,Book 675
6,Book 683
6,Book 688
6,Book 699
6,Book 705
6,Book 710
6,Book 712
6,Book 714
6,Book 730
6,Book 744
6,Book 748
6,Book 749
6,Book 755
6,Book 762
6,Book 763
6,Book 770
6,Book 786
6,Book 789
6,Book 793
6,Book 794
6,Book 798
6,Book 799
6,Book 808
6,Book 812
6,Book 819
6,Book 831
6,Book 852
6,Book 884
6,Book 888
6,Book 897
6,Book 899
6,Book 912
6,Book 917
6,Book 922
6,Book 934
6,Book 945
6,Book 962
6,Book 967
6,Book 969
6,Book 976
6,Book 983
6,Book 988
7,Book 6
7,Book 13
7,Book 50
7,Book 52
7,Book 71
7,Book 82
7,Book 104
7,Book 110
7,Book 111
7,Book 113
7,Book 118
7,Book 124
7,Book 138
7,Book 150
7,Book 168
7,Book 184
7,Book 194
7,Book 203
7,Book 206
7,Book 228
7,Book 232
7,Book 241
7,Book 264
7,Book 267
7,Book 272
7,Book 289
7,Book 293
7,Book 316
7,Book 327
7,Book 348
7,Book 355
7,Book 356
7,Book 359
7,Book 373
7,Book 374
7,Book 379
7,Book 395
7,Book 410
7,Book 418
7,Book 421
7,Book 427
7,Book 432
7,Book 447
7,Book 452
7,Book 455
7,Book 463
7,Book 469
7,Book 474
7,Book 476
7,Book 487
7,Book 495
7,Book 508
7,Book 519
7,Book 526
7,Book 532
7,Book 533
7,Book 543
7,Book 560
7,Book 577
7,Book 582
7,Book 599
7,Book 609
7,Book 637
7,Book 707
7,Book 710
7,Book 729
7,Book 733
7,Book 737
7,Book 740
7,Book 746
7,Book 749
7,Book 759
7,Book 766
7,Book 767
7,Book 779
7,Book 787
7,Book 797
7,Book 818
7,Book 823
7,Book 824
7,Book 831
7,Book 834
7,Book 835
7,Book 840
7,Book 841
7,Book 845
7,Book 852
7,Book 853
7,Book 859
7,Book 862
7,Book 863
7,Book 870
7,Book 885
7,Book 886
7,Book 892
7,Book 893
7,Book 912
7,Book 918
7,Book 921
7,Book 935
7,Book 960
7,Book 963
7,Book 983
7,Book 991
7,Book 995
7,Book 998
8,Book 23
8,Book 28
8,Book 45
8,Book 53
8,Book 60
8,Book 61
8,Book 92
8,Book 103
8,Book 112
8,Book 116
8,Book 121
8,Book 130
8,Book 141
8,Book 145
8,Book 153
8,Book 177
8,Book 186
8,Book 199
8,Book 200
8,Book 205
8,Book 219
8,Book 220
8,Book 221
8,Book 226
8,Book 229
8,Book 242
8,Book 252
8,Book 254
8,Book 272
8,Book 289
8,Book 296
8,Book 306
8,Book 311
8,Book 316
8,Book 320
8,Book 333
8,Book 341
8,Book 350
8,Book 357
8,Book 358
8,Book 370
8,Book 383
8,Book 388
8,Book 408
8,Book 456
8,Book 463
8,Book 488
8,Book 506
8,Book 510
8,Book 512
8,Book 544
8,Book 551
8,Book 567
8,Book 579
8,Book 596
8,Book 599
8,Book 604
8,Book 613
8,Book 619
8,Book 629
8,Book 634
8,Book 678
8,Book 681
8,Book 695
8,Book 701
8,Book 716
8,Book 718
8,Book 720
8,Book 722
8,Book 725
8,Book 729
8,Book 737
8,Book 785
8,Book 788
8,Book 797
8,Book 803
8,Book 818
8,Book 819
8,Book 827
8,Book 866
8,Book 873
8,Book 906
8,Book 925
8,Book 943
8,Book 949
8,Book 951
8,Book 971
8,Book 974
8,Book 977
8,Book 999
9,Book 4
9,Book 40
9,Book 41
9,Book 53
9,Book 63
9,Book 65
9,Book 87
9,Book 94
9,Book 96
9,Book 102
9,Book 113
9,Book 128
9,Book 133
9,Book 138
9,Book 145
9,Book 148
9,Book 154
9,Book 161
9,Book 184
9,Book 188
9,Book 203
9,Book 249
9,Book 251
9,Book 252
9,Book 258
9,Book 282
9,Book 291
9,Book 328
9,Book 337
9,Book 345
9,Book 387
9,Book 393
9,Book 400
9,Book 402
9,Book 412
9,Book 428
9,Book 435
9,Book 455
9,Book 459
9,Book 461
9,Book 462
9,Book 465
9,Book 480
9,Book 483
9,Book 484
9,Book 494
9,Book 496
9,Book 497
9,Book 504
9,Book 509
9,Book 517
9,Book 518
9,Book 531
9,Book 551
9,Book 567
9,Book 594
9,Book 612
9,Book 613
9,Book 616
9,Book 617
9,Book 621
9,Book 671
9,Book 697
9,Book 701
9,Book 736
9,Book 755
9,Book 775
9,Book 777
9,Book 804
9,Book 822
9,Book 835
9,Book 839
9,Book 847
9,Book 851
9,Book 871
9,Book 875
9,Book 893
9,Book 900
9,Book 902
9,Book 910
9,Book 930
9,Book 944
9,Book 948
9,Book 988
9,Book 998
9,Book 1000
10,Book 1
10,Book 29
10,Book 43
10,Book 49
10,Book 56
10,Book 61
10,Book 88
10,Book 99
10,Book 111
10,Book 118
10,Book 119
10,Book 126
10,Book 130
10,Book 143
10,Book 157
10,Book 161
10,Book 165
10,Book 189
10,Book 191
10,Book 193
10,Book 198
10,Book 201
10,Book 205
10,Book 211
10,Book 212
10,Book 218
10,Book 226
10,Book 233
10,Book 246
10,Book 282
10,Book 295
10,Book 296
10,Book 299
10,Book 326
10,Book 338
10,Book 346
10,Book 387
10,Book 391
10,Book 392
10,Book 421
10,Book 425
10,Book 447
10,Book 466
10,Book 467
10,Book 468
10,Book 475
10,Book 477
10,Book 499
10,Book 504
10,Book 523
10,Book 529
10,Book 530
10,Book 532
10,Book 550
10,Book 552
10,Book 585
10,Book 613
10,Book 615
10,Book 618
10,Book 637
10,Book 657
10,Book 677
10,Book 691
10,Book 726
10,Book 750
10,Book 758
10,Book 761
10,Book 763
10,Book 764
10,Book 769
10,Book 778
10,Book 784
10,Book 797
10,Book 800
10,Book 809
10,Book 815
10,Book 834
10,Book 842
10,Book 852
10,Book 863
10,Book 869
10,Book 884
10,Book 905
10,Book 912
10,Book 916
10,Book 928
10,Book 941
10,Book 972
10,Book 973
10,Book 979
10,Book 984
10,Book 998
11,Book 13
11,Book 23
11,Book 27
11,Book 32
11,Book 41
11,Book 50
11,Book 53
11,Book 71
11,Book 75
11,Book 80
11,Book 101
11,Book 103
11,Book 131
11,Book 143
11,Book 159
11,Book 165
11,Book 196
11,Book 211
11,Book 215
11,Book 223
11,Book 246
11,Book 249
11,Book 255
11,Book 264
11,Book 273
11,Book 275
11,Book 283
11,Book 296
11,Book 301
11,Book 304
11,Book 307
11,Book 309
11,Book 311
11,Book 313
11,Book 323
11,Book 345
11,Book 348
11,Book 363
11,Book 372
11,Book 375
11,Book 388
11,Book 405
11,Book 415
11,Book 435
11,Book 444
11,Book 450
11,Book 452
11,Book 454
11,Book 463
11,Book 464
11,Book 488
11,Book 533
11,Book 545
11,Book 547
11,Book 560
11,Book 562
11,Book 569
11,Book 575
11,Book 576
11,Book 577
11,Book 578
11,Book 582
11,Book 604
11,Book 617
11,Book 624
11,Book 625
11,Book 636
11,Book 644
11,Book 649
11,Book 651
11,Book 656
11,Book 671
11,Book 682
11,Book 693
11,Book 697
11,Book 704
11,Book 713
11,Book 715
11,Book 781
11,Book 783
11,Book 804
11,Book 805
11,Book 823
11,Book 828
11,Book 836
11,Book 849
11,Book 861
11,Book 866
11,Book 875
11,Book 880
11,Book 937
11,Book 948
11,Book 950
11,Book 972
11,Book 977
11,Book 997
12,Book 6
12,Book 13
12,Book 16
12,Book 18
12,Book 20
12,Book 23
12,Book 36
12,Book 39
12,Book 43
12,Book 55
12,Book 58
12,Book 72
12,Book 81
12,Book 87
12,Book 91
12,Book 100
12,Book 117
12,Book 140
12,Book 142
12,Book 157
12,Book 173
12,Book 175
12,Book 178
12,Book 182
12,Book 186
12,Book 200
12,Book 205
12,Book 206
12,Book 224
12,Book 228
12,Book 254
12,Book 256
12,Book 269
12,Book 283
12,Book 287
12,Book 307
12,Book 314
12,Book 315
12,Book 320
12,Book 325
12,Book 346
12,Book 347
12,Book 358
12,Book 368
12,Book 370
12,Book 371
12,Book 375
12,Book 389
12,Book 417
12,Book 423
12,Book 433
12,Book 438
12,Book 455
12,Book 459
12,Book 473
12,Book 491
12,Book 500
12,Book 531
12,Book 533
12,Book 537
12,Book 548
12,Book 550
12,Book 578
12,Book 603
12,Book 611
12,Book 614
12,Book 619
12,Book 631
12,Book 632
12,Book 641
12,Book 657
12,Book 658
12,Book 662
12,Book 674
12,Book 685
12,Book 694
12,Book 698
12,Book 699
12,Book 707
12,Book 708
12,Book 744
12,Book 759
12,Book 775
12,Book 793
12,Book 804
12,Book 805
12,Book 811
12,Book 812
12,Book 821
12,Book 828
12,Book 834
12,Book 845
12,Book 847
12,Book 850
12,Book 861
12,Book 864
12,Book 871
12,Book 876
12,Book 902
12,Book 911
12,Book 914
12,Book 915
12,Book 916
12,Book 918
12,Book 924
12,Book 945
12,Book 951
12,Book 958
12,Book 960
12,Book 961
12,Book 978
12,Book 990
12,Book 993
12,Book 995
12,Book 999
13,Book 6
13,Book 10
13,Book 11
13,Book 24
13,Book 48
13,Book 61
13,Book 65
13,Book 68
13,Book 74
13,Book 103
13,Book 115
13,Book 124
13,Book 126
13,Book 128
13,Book 142
13,Book 174
13,Book 193
13,Book 213
13,Book 214
13,Book 232
13,Book 236
13,Book 240
13,Book 244
13,Book 250
13,Book 261
13,Book 271
13,Book 273
13,Book 282
13,Book 293
13,Book 301
13,Book 305
13,Book 308
13,Book 320
13,Book 322
13,Book 329
13,Book 332
13,Book 334
13,Book 375
13,Book 380
13,Book 389
13,Book 392
13,Book 405
13,Book 409
13,Book 410
13,Book 414
13,Book 421
13,Book 431
13,Book 436
13,Book 443
13,Book 448
13,Book 463
13,Book 496
13,Book 506
13,Book 508
13,Book 512
13,Book 518
13,Book 543
13,Book 564
13,Book 571
13,Book 582
13,Book 589
13,Book 615
13,Book 623
13,Book 628
13,Book 644
13,Book 650
13,Book 686
13,Book 699
13,Book 723
13,Book 724
13,Book 726
13,Book 739
13,Book 768
13,Book 778
13,Book 788
13,Book 794
13,Book 796
13,Book 818
13,Book 825
13,Book 837
13,Book 847
13,Book 862
13,Book 875
13,Book 889
13,Book 894
13,Book 912
13,Book 913
13,Book 924
13,Book 957
13,Book 960
13,Book 972
13,Book 975
13,Book 984
13,Book 986
13,Book 987
13,Book 991
13,Book 996
14,Book 1
14,Book 3
14,Book 7
14,Book 8
14,Book 15
14,Book 20
14,Book 23
14,Book 43
14,Book 49
14,Book 51
14,Book 53
14,Book 64
14,Book 69
14,Book 75
14,Book 80
14,Book 88
14,Book 95
14,Book 96
14,Book 108
14,Book 109
14,Book 119
14,Book 136
14,Book 137
14,Book 141
14,Book 147
14,Book 159
14,Book 188
14,Book 189
14,Book 190
14,Book 197
14,Book 206
14,Book 214
14,Book 222
14,Book 236
14,Book 239
14,Book 240
14,Book 266
14,Book 269
14,Book 286
14,Book 297
14,Book 308
14,Book 309
14,Book 330
14,Book 351
14,Book 358
14,Book 378
14,Book 401
14,Book 415
14,Book 418
14,Book 421
14,Book 432
14,Book 436
14,Book 443
14,Book 459
14,Book 461
14,Book 486
14,Book 497
14,Book 506
14,Book 512
14,Book 518
14,Book 531
14,Book 569
14,Book 573
14,Book 579
14,Book 587
14,Book 593
14,Book 600
14,Book 630
14,Book 656
14,Book 675
14,Book 681
14,Book 688
14,Book 697
14,Book 701
14,Book 709
14,Book 725
14,Book 726
14,Book 727
14,Book 733
14,Book 737
14,Book 747
14,Book 764
14,Book 776
14,Book 781
14,Book 797
14,Book 799
14,Book 803
14,Book 823
14,Book 834
14,Book 837
14,Book 853
14,Book 880
14,Book 886
14,Book 894
14,Book 899
14,Book 907
14,Book 919
14,Book 934
14,Book 946
14,Book 951
14,Book 953
14,Book 955
14,Book 963
14,Book 967
14,Book 968
14,Book 985
14,Book 997
15,Book 6
15,Book 10
15,Book 12
15,Book 17
15,Book 19
15,Book 49
15,Book 60
15,Book 62
15,Book 67
15,Book 74
15,Book 83
15,Book 91
15,Book 94
15,Book 98
15,Book 119
15,Book 175
15,Book 188
15,Book 209
15,Book 212
15,Book 222
15,Book 235
15,Book 236
15,Book 237
15,Book 250
15,Book 256
15,Book 258
15,Book 267
15,Book 325
15,Book 336
15,Book 338
15,Book 344
15,Book 345
15,Book 357
15,Book 361
15,Book 367
15,Book 369
15,Book 375
15,Book 381
15,Book 397
15,Book 419
15,Book 421
15,Book 431
15,Book 435
15,Book 450
15,Book 454
15,Book 461
15,Book 465
15,Book 468
15,Book 472
15,Book 477
15,Book 478
15,Book 502
15,Book 509
15,Book 511
15,Book 519
15,Book 522
15,Book 532
15,Book 567
15,Book 572
15,Book 577
15,Book 587
15,Book 592
15,Book 597
15,Book 598
15,Book 600
15,Book 660
15,Book 689
15,Book 701
15,Book 705
15,Book 717
15,Book 725
15,Book 729
15,Book 730
15,Book 731
15,Book 750
15,Book 765
15,Book 768
15,Book 782
15,Book 790
15,Book 801
15,Book 803
15,Book 810
15,Book 848
15,Book 878
15,Book 889
15,Book 890
15,Book 922
15,Book 923
15,Book 927
15,Book 936
15,Book 946
15,Book 971
15,Book 983
15,Book 991
16,Book 13
16,Book 32
16,Book 34
16,Book 70
16,Book 71
16,Book 75
16,Book 113
16,Book 132
16,Book 133
16,Book 142
16,Book 146
16,Book 149
16,Book 153
16,Book 175
16,Book 191
16,Book 198
16,Book 211
16,Book 222
16,Book 223
16,Book 224
16,Book 233
16,Book 241
16,Book 244
16,Book 256
16,Book 280
16,Book 281
16,Book 283
16,Book 290
16,Book 297
16,Book 301
16,Book 308
16,Book 311
16,Book 329
16,Book 332
16,Book 354
16,Book 358
16,Book 385
16,Book 395
16,Book 405
16,Book 425
16,Book 432
16,Book 453
16,Book 479
16,Book 501
16,Book 504
16,Book 522
16,Book 533
16,Book 536
16,Book 557
16,Book 559
16,Book 560
16,Book 581
16,Book 602
16,Book 619
16,Book 633
16,Book 646
16,Book 658
16,Book 675
16,Book 679
16,Book 687
16,Book 690
16,Book 712
16,Book 725
16,Book 733
16,Book 743
16,Book 755
16,Book 775
16,Book 777
16,Book 780
16,Book 790
16,Book 818
16,Book 837
16,Book 839
16,Book 842
16,Book 854
16,Book 862
16,Book 868
16,Book 876
16,Book 890
16,Book 907
16,Book 911
16,Book 922
16,Book 951
16,Book 973
16,Book 987
16,Book 993
16,Book 995
16,Book 1000
17,Book 5
17,Book 14
17,Book 17
17,Book 19
17,Book 20
17,Book 47
17,Book 58
17,Book 73
17,Book 84
17,Book 90
17,Book 96
17,Book 114
17,Book 117
17,Book 129
17,Book 132
17,Book 133
17,Book 139
17,Book 144
17,Book 151
17,Book 168
17,Book 174
17,Book 175
17,Book 182
17,Book 188
17,Book 193
17,Book 195
17,Book 204
17,Book 205
17,Book 207
17,Book 211
17,Book 219
17,Book 226
17,Book 228
17,Book 238
17,Book 256
17,Book 263
17,Book 267
17,Book 273
17,Book 287
17,Book 298
17,Book 312
17,Book 322
17,Book 323
17,Book 325
17,Book 330
17,Book 334
17,Book 336
17,Book 354
17,Book 356
17,Book 380
17,Book 398
17,Book 400
17,Book 410
17,Book 417
17,Book 446
17,Book 449
17,Book 456
17,Book 487
17,Book 489
17,Book 518
17,Book 530
17,Book 547
17,Book 554
17,Book 555
17,Book 565
17,Book 566
17,Book 569
17,Book 576
17,Book 604
17,Book 608
17,Book 620
17,Book 624
17,Book 646
17,Book 647
17,Book 654
17,Book 668
17,Book 673
17,Book 681
17,Book 707
17,Book 708
17,Book 714
17,Book 715
17,Book 716
17,Book 736
17,Book 742
17,Book 744
17,Book 762
17,Book 778
17,Book 790
17,Book 793
17,Book 800
17,Book 806
17,Book 808
17,Book 813
17,Book 841
17,Book 854
17,Book 856
17,Book 872
17,Book 887
17,Book 899
17,Book 906
17,Book 911
17,Book 913
17,Book 919
17,Book 926
17,Book 948
17,Book 951
17,Book 954
17,Book 955
17,Book 960
17,Book 974
17,Book 978
17,Book 983
17,Book 990
18,Book 9
18,Book 11
18,Book 16
18,Book 39
18,Book 48
18,Book 58
18,Book 68
18,Book 80
18,Book 84
18,Book 90
18,Book 93
18,Book 96
18,Book 108
18,Book 114
18,Book 135
18,Book 136
18,Book 142
18,Book 153
18,Book 164
18,Book 166
18,Book 168
18,Book 181
18,Book 188
18,Book 223
18,Book 225
18,Book 240
18,Book 250
18,Book 258
18,Book 334
18,Book 336
18,Book 363
18,Book 366
18,Book 368
18,Book 379
18,Book 396
18,Book 400
18,Book 416
18,Book 421
18,Book 424
18,Book 429
18,Book 431
18,Book 432
18,Book 440
18,Book 451
18,Book 457
18,Book 469
18,Book 490
18,Book 491
18,Book 493
18,Book 500
18,Book 503
18,Book 516
18,Book 519
18,Book 528
18,Book 534
18,Book 535
18,Book 539
18,Book 544
18,Book 555
18,Book 560
18,Book 571
18,Book 572
18,Book 619
18,Book 623
18,Book 624
18,Book 645
18,Book 650
18,Book 658
18,Book 660
18,Book 663
18,Book 664
18,Book 686
18,Book 693
18,Book 706
18,Book 721
18,Book 726
18,Book 747
18,Book 775
18,Book 795
18,Book 801
18,Book 802
18,Book 805
18,Book 843
18,Book 845
18,Book 852
18,Book 856
18,Book 861
18,Book 872
18,Book 873
18,Book 893
18,Book 903
18,Book 906
18,Book 914
18,Book 922
18,Book 939
18,Book 958
18,Book 960
19,Book 8
19,Book 12
19,Book 24
19,Book 36
19,Book 50
19,Book 64
19,Book 70
19,Book 72
19,Book 84
19,Book 91
19,Book 98
19,Book 118
19,Book 122
19,Book 128
19,Book 167
19,Book 172
19,Book 176
19,Book 190
19,Book 203
19,Book 264
19,Book 281
19,Book 288
19,Book 291
19,Book 298
19,Book 315
19,Book 318
19,Book 336
19,Book 349
19,Book 354
19,Book 367
19,Book 374
19,Book 376
19,Book 383
19,Book 392
19,Book 403
19,Book 412
19,Book 413
19,Book 414
19,Book 416
19,Book 420
19,Book 431
19,Book 443
19,Book 475
19,Book 482
19,Book 497
19,Book 513
19,Book 514
19,Book 524
19,Book 526
19,Book 542
19,Book 556
19,Book 560
19,Book 596
19,Book 609
19,Book 611
19,Book 618
19,Book 625
19,Book 629
19,Book 631
19,Book 653
19,Book 660
19,Book 662
19,Book 668
19,Book 669
19,Book 670
19,Book 672
19,Book 677
19,Book 678
19,Book 709
19,Book 713
19,Book 720
19,Book 721
19,Book 723
19,Book 734
19,Book 739
19,Book 744
19,Book 788
19,Book 789
19,Book 794
19,Book 800
19,Book 807
19,Book 812
19,Book 821
19,Book 836
19,Book 839
19,Book 841
19,Book 842
19,Book 849
19,Book 851
19,Book 858
19,Book 876
19,Book 878
19,Book 889
19,Book 903
19,Book 913
19,Book 920
19,Book 932
19,Book 938
19,Book 944
19,Book 946
19,Book 951
19,Book 956
20,Book 24
20,Book 31
20,Book 33
20,Book 39
20,Book 53
20,Book 54
20,Book 56
20,Book 60
20,Book 77
20,Book 85
20,Book 101
20,Book 109
20,Book 124
20,Book 127
20,Book 129
20,Book 139
20,Book 141
20,Book 150
20,Book 155
20,Book 172
20,Book 183
20,Book 184
20,Book 185
20,Book 192
20,Book 196
20,Book 207
20,Book 208
20,Book 210
20,Book 222
20,Book 224
20,Book 239
20,Book 240
20,Book 245
20,Book 246
20,Book 249
20,Book 262
20,Book 265
20,Book 272
20,Book 277
20,Book 282
20,Book 292
20,Book 295
20,Book 303
20,Book 316
20,Book 318
20,Book 319
20,Book 320
20,Book 322
20,Book 326
20,Book 334
20,Book 336
20,Book 350
20,Book 367
20,Book 383
20,Book 395
20,Book 418
20,Book 421
20,Book 431
20,Book 447
20,Book 472
20,Book 484
20,Book 487
20,Book 491
20,Book 492
20,Book 498
20,Book 509
20,Book 513
20,Book 529
20,Book 541
20,Book 545
20,Book 555
20,Book 572
20,Book 588
20,Book 597
20,Book 605
20,Book 633
20,Book 646
20,Book 661
20,Book 680
20,Book 684
20,Book 705
20,Book 719
20,Book 749
20,Book 751
20,Book 755
20,Book 762
20,Book 772
20,Book 774
20,Book 801
20,Book 812
20,Book 818
20,Book 823
20,Book 829
20,Book 834
20,Book 841
20,Book 859
20,Book 862
20,Book 864
20,Book 881
20,Book 887
20,Book 899
20,Book 920
20,Book 927
20,Book 929
20,Book 930
20,Book 943
20,Book 952
20,Book 956
20,Book 964
20,Book 990
20,Book 995
21,Book 7
21,Book 18
21,Book 50
21,Book 56
21,Book 59
21,Book 65
21,Book 99
21,Book 101
21,Book 111
21,Book 122
21,Book 123
21,Book 147
21,Book 162
21,Book 171
21,Book 181
21,Book 183
21,Book 184
21,Book 200
21,Book 220
21,Book 230
21,Book 243
21,Book 258
21,Book 264
21,Book 274
21,Book 282
21,Book 294
21,Book 314
21,Book 320
21,Book 340
21,Book 341
21,Book 349
21,Book 355
21,Book 361
21,Book 364
21,Book 367
21,Book 387
21,Book 389
21,Book 403
21,Book 407
21,Book 418
21,Book 425
21,Book 431
21,Book 450
21,Book 452
21,Book 465
21,Book 491
21,Book 496
21,Book 513
21,Book 518
21,Book 519
21,Book 527
21,Book 528
21,Book 529
21,Book 543
21,Book 549
21,Book 550
21,Book 575
21,Book 599
21,Book 600
21,Book 603
21,Book 613
21,Book 618
21,Book 627
21,Book 628
21,Book 629
21,Book 630
21,Book 637
21,Book 665
21,Book 692
21,Book 694
21,Book 699
21,Book 704
21,Book 706
21,Book 710
21,Book 723
21,Book 729
21,Book 731
21,Book 744
21,Book 746
21,Book 758
21,Book 767
21,Book 776
21,Book 780
21,Book 797
21,Book 807
21,Book 821
21,Book 827
21,Book 830
21,Book 833
21,Book 844
21,Book 845
21,Book 846
21,Book 854
21,Book 855
21,Book 864
21,Book 877
21,Book 879
21,Book 887
21,Book 894
21,Book 906
21,Book 912
21,Book 921
21,Book 925
21,Book 947
21,Book 951
21,Book 952
21,Book 956
21,Book 958
21,Book 963
21,Book 965
21,Book 971
21,Book 974
21,Book 981
21,Book 985
22,Book 7
22,Book 20
22,Book 43
22,Book 44
22,Book 49
22,Book 57
22,Book 81
22,Book 84
22,Book 87
22,Book 95
22,Book 111
22,Book 131
22,Book 137
22,Book 149
22,Book 152
22,Book 159
22,Book 171
22,Book 175
22,Book 190
22,Book 218
22,Book 219
22,Book 226
22,Book 246
22,Book 247
22,Book 260
22,Book 263
22,Book 269
22,Book 286
22,Book 291
22,Book 309
22,Book 313
22,Book 324
22,Book 327
22,Book 328
22,Book 330
22,Book 348
22,Book 353
22,Book 380
22,Book 406
22,Book 409
22,Book 411
22,Book 418
22,Book 431
22,Book 447
22,Book 466
22,Book 474
22,Book 486
22,Book 494
22,Book 498
22,Book 500
22,Book 522
22,Book 534
22,Book 545
22,Book 575
22,Book 581
22,Book 598
22,Book 599
22,Book 601
22,Book 612
22,Book 630
22,Book 641
22,Book 646
22,Book 649
22,Book 659
22,Book 667
22,Book 688
22,Book 691
22,Book 696
22,Book 702
22,Book 703
22,Book 707
22,Book 728
22,Book 732
22,Book 734
22,Book 746
22,Book 761
22,Book 766
22,Book 767
22,Book 772
22,Book 777
22,Book 782
22,Book 783
22,Book 784
22,Book 795
22,Book 798
22,Book 819
22,Book 820
22,Book 834
22,Book 836
22,Book 864
22,Book 866
22,Book 879
22,Book 883
22,Book 891
22,Book 893
22,Book 918
22,Book 928
22,Book 947
22,Book 954
22,Book 957
22,Book 960
22,Book 966
22,Book 969
22,Book 973
22,Book 974
22,Book 979
22,Book 986
22,Book 987
23,Book 8
23,Book 11
23,Book 19
23,Book 30
23,Book 34
23,Book 35
23,Book 54
23,Book 58
23,Book 69
23,Book 88
23,Book 112
23,Book 115
23,Book 116
23,Book 119
23,Book 123
23,Book 128
23,Book 140
23,Book 145
23,Book 153
23,Book 155
23,Book 166
23,Book 181
23,Book 189
23,Book 216
23,Book 220
23,Book 238
23,Book 243
23,Book 251
23,Book 271
23,Book 274
23,Book 275
23,Book 278
23,Book 309
23,Book 315
23,Book 322
23,Book 330
23,Book 335
23,Book 336
23,Book 339
23,Book 352
23,Book 354
23,Book 359
23,Book 363
23,Book 372
23,Book 384
23,Book 389
23,Book 399
23,Book 415
23,Book 417
23,Book 422
23,Book 436
23,Book 438
23,Book 445
23,Book 449
23,Book 458
23,Book 460
23,Book 465
23,Book 468
23,Book 487
23,Book 490
23,Book 498
23,Book 499
23,Book 513
23,Book 533
23,Book 539
23,Book 547
23,Book 572
23,Book 590
23,Book 592
23,Book 597
23,Book 602
23,Book 606
23,Book 608
23,Book 622
23,Book 633
23,Book 634
23,Book 647
23,Book 661
23,Book 671
23,Book 686
23,Book 692
23,Book 698
23,Book 700
23,Book 704
23,Book 713
23,Book 714
23,Book 752
23,Book 755
23,Book 758
23,Book 762
23,Book 765
23,Book 773
23,Book 776
23,Book 788
23,Book 790
23,Book 796
23,Book 805
23,Book 820
23,Book 826
23,Book 841
23,Book 880
23,Book 885
23,Book 903
23,Book 904
23,Book 908
23,Book 917
23,Book 918
23,Book 934
23,Book 962
23,Book 976
23,Book 983
24,Book 8
24,Book 10
24,Book 11
24,Book 41
24,Book 50
24,Book 57
24,Book 83
24,Book 94
24,Book 115
24,Book 135
24,Book 149
24,Book 161
24,Book 166
24,Book 203
24,Book 208
24,Book 226
24,Book 244
24,Book 246
24,Book 249
24,Book 251
24,Book 253
24,Book 261
24,Book 283
24,Book 285
24,Book 289
24,Book 295
24,Book 304
24,Book 307
24,Book 316
24,Book 335
24,Book 336
24,Book 343
24,Book 360
24,Book 364
24,Book 372
24,Book 383
24,Book 384
24,Book 385
24,Book 388
24,Book 413
24,Book 414
24,Book 418
24,Book 431
24,Book 441
24,Book 443
24,Book 452
24,Book 454
24,Book 484
24,Book 493
24,Book 495
24,Book 502
24,Book 507
24,Book 520
24,Book 523
24,Book 532
24,Book 534
24,Book 538
24,Book 544
24,Book 548
24,Book 549
24,Book 561
24,Book 564
24,Book 567
24,Book 573
24,Book 575
24,Book 576
24,Book 582
24,Book 588
24,Book 607
24,Book 616
24,Book 628
24,Book 635
24,Book 637
24,Book 645
24,Book 664
24,Book 674
24,Book 681
24,Book 682
24,Book 694
24,Book 703
24,Book 705
24,Book 706
24,Book 708
24,Book 712
24,Book 716
24,Book 737
24,Book 749
24,Book 753
24,Book 763
24,Book 786
24,Book 816
24,Book 830
24,Book 841
24,Book 854
24,Book 856
24,Book 858
24,Book 900
24,Book 902
24,Book 911
24,Book 942
24,Book 950
24,Book 971
24,Book 978
24,Book 994
24,Book 996
25,Book 4
25,Book 5
25,Book 27
25,Book 30
25,Book 31
25,Book 40
25,Book 43
25,Book 56
25,Book 69
25,Book 71
25,Book 85
25,Book 98
25,Book 114
25,Book 119
25,Book 130
25,Book 132
25,Book 142
25,Book 159
25,Book 161
25,Book 162
25,Book 169
25,Book 176
25,Book 186
25,Book 195
25,Book 200
25,Book 203
25,Book 220
25,Book 222
25,Book 236
25,Book 239
25,Book 252
25,Book 254
25,Book 259
25,Book 265
25,Book 267
25,Book 301
25,Book 347
25,Book 356
25,Book 375
25,Book 388
25,Book 389
25,Book 390
25,Book 400
25,Book 406
25,Book 407
25,Book 408
25,Book 419
25,Book 421
25,Book 475
25,Book 481
25,Book 486
25,Book 490
25,Book 498
25,Book 505
25,Book 518
25,Book 520
25,Book 524
25,Book 525
25,Book 530
25,Book 549
25,Book 568
25,Book 569
25,Book 593
25,Book 610
25,Book 624
25,Book 629
25,Book 632
25,Book 657
25,Book 662
25,Book 664
25,Book 682
25,Book 702
25,Book 725
25,Book 729
25,Book 739
25,Book 750
25,Book 760
25,Book 770
25,Book 798
25,Book 802
25,Book 804
25,Book 829
25,Book 851
25,Book 852
25,Book 868
25,Book 870
25,Book 877
25,Book 889
25,Book 907
25,Book 921
25,Book 924
25,Book 944
25,Book 946
25,Book 948
25,Book 950
25,Book 952
25,Book 958
25,Book 990
25,Book 993
25,Book 998
25,Book 1000
26,Book 4
26,Book 11
26,Book 28
26,Book 34
26,Book 41
26,Book 55
26,Book 57
26,Book 68
26,Book 73
26,Book 77
26,Book 81
26,Book 82
26,Book 98
26,Book 102
26,Book 106
26,Book 109
26,Book 123
26,Book 127
26,Book 132
26,Book 138
26,Book 148
26,Book 154
26,Book 156
26,Book 159
26,Book 169
26,Book 177
26,Book 191
26,Book 192
26,Book 221
26,Book 222
26,Book 226
26,Book 235
26,Book 242
26,Book 252
26,Book 256
26,Book 276
26,Book 314
26,Book 334
26,Book 340
26,Book 367
26,Book 376
26,Book 394
26,Book 399
26,Book 408
26,Book 418
26,Book 420
26,Book 421
26,Book 422
26,Book 425
26,Book 445
26,Book 450
26,Book 486
26,Book 503
26,Book 517
26,Book 548
26,Book 580
26,Book 586
26,Book 591
26,Book 607
26,Book 636
26,Book 638
26,Book 646
26,Book 647
26,Book 657
26,Book 665
26,Book 680
26,Book 693
26,Book 724
26,Book 749
26,Book 753
26,Book 768
26,Book 784
26,Book 807
26,Book 833
26,Book 843
26,Book 849
26,Book 859
26,Book 863
26,Book 870
26,Book 873
26,Book 891
26,Book 896
26,Book 915
26,Book 919
26,Book 922
26,Book 930
26,Book 943
26,Book 948
26,Book 966
26,Book 970
26,Book 976
26,Book 978
26,Book 984
26,Book 985
26,Book 989
26,Book 997
27,Book 18
27,Book 59
27,Book 64
27,Book 67
27,Book 72
27,Book 75
27,Book 80
27,Book 94
27,Book 98
27,Book 112
27,Book 151
27,Book 159
27,Book 167
27,Book 199
27,Book 234
27,Book 235
27,Book 253
27,Book 257
27,Book 278
27,Book 281
27,Book 308
27,Book 313
27,Book 316
27,Book 342
27,Book 343
27,Book 348
27,Book 349
27,Book 355
27,Book 379
27,Book 389
27,Book 391
27,Book 413
27,Book 428
27,Book 441
27,Book 445
27,Book 446
27,Book 450
27,Book 453
27,Book 463
27,Book 468
27,Book 478
27,Book 481
27,Book 487
27,Book 500
27,Book 518
27,Book 519
27,Book 527
27,Book 528
27,Book 538
27,Book 543
27,Book 547
27,Book 575
27,Book 577
27,Book 589
27,Book 599
27,Book 601
27,Book 603
27,Book 635
27,Book 636
27,Book 643
27,Book 661
27,Book 673
27,Book 675
27,Book 687
27,Book 712
27,Book 721
27,Book 722
27,Book 730
27,Book 737
27,Book 748
27,Book 773
27,Book 799
27,Book 803
27,Book 806
27,Book 823
27,Book 829
27,Book 832
27,Book 843
27,Book 848
27,Book 892
27,Book 961
27,Book 967
27,Book 978
28,Book 3
28,Book 7
28,Book 9
28,Book 15
28,Book 18
28,Book 26
28,Book 29
28,Book 40
28,Book 50
28,Book 81
28,Book 90
28,Book 111
28,Book 112
28,Book 113
28,Book 115
28,Book 118
28,Book 119
28,Book 129
28,Book 136
28,Book 147
28,Book 159
28,Book 166
28,Book 174
28,Book 177
28,Book 181
28,Book 188
28,Book 193
28,Book 207
28,Book 220
28,Book 230
28,Book 237
28,Book 244
28,Book 247
28,Book 256
28,Book 273
28,Book 279
28,Book 286
28,Book 293
28,Book 303
28,Book 305
28,Book 306
28,Book 307
28,Book 308
28,Book 317
28,Book 330
28,Book 333
28,Book 334
28,Book 344
28,Book 365
28,Book 368
28,Book 385
28,Book 394
28,Book 398
28,Book 401
28,Book 406
28,Book 420
28,Book 443
28,Book 447
28,Book 472
28,Book 499
28,Book 500
28,Book 501
28,Book 514
28,Book 526
28,Book 533
28,Book 537
28,Book 577
28,Book 584
28,Book 589
28,Book 591
28,Book 599
28,Book 605
28,Book 633
28,Book 659
28,Book 675
28,Book 684
28,Book 697
28,Book 702
28,Book 741
28,Book 754
28,Book 784
28,Book 834
28,Book 842
28,Book 855
28,Book 870
28,Book 874
28,Book 877
28,Book 883
28,Book 910
28,Book 925
28,Book 929
28,Book 937
28,Book 946
28,Book 970
28,Book 974
28,Book 977
28,Book 980
29,Book 8
29,Book 14
29,Book 19
29,Book 25
29,Book 30
29,Book 31
29,Book 40
29,Book 73
29,Book 80
29,Book 114
29,Book 118
29,Book 134
29,Book 147
29,Book 150
29,Book 168
29,Book 173
29,Book 174
29,Book 183
29,Book 193
29,Book 210
29,Book 237
29,Book 245
29,Book 246
29,Book 252
29,Book 286
29,Book 322
29,Book 325
29,Book 327
29,Book 344
29,Book 348
29,Book 351
29,Book 360
29,Book 363
29,Book 377
29,Book 378
29,Book 380
29,Book 381
29,Book 384
29,Book 398
29,Book 407
29,Book 413
29,Book 436
29,Book 445
29,Book 448
29,Book 468
29,Book 482
29,Book 491
29,Book 504
29,Book 513
29,Book 533
29,Book 543
29,Book 566
29,Book 606
29,Book 655
29,Book 668
29,Book 675
29,Book 679
29,Book 698
29,Book 699
29,Book 718
29,Book 753
29,Book 763
29,Book 771
29,Book 790
29,Book 798
29,Book 805
29,Book 809
29,Book 810
29,Book 822
29,Book 828
29,Book 847
29,Book 868
29,Book 870
29,Book 887
29,Book 907
29,Book 929
29,Book 964
29,Book 968
29,Book 970
29,Book 980
29,Book 987
29,Book 992
29,Book 1000
30,Book 11
30,Book 44
30,Book 68
30,Book 80
30,Book 92
30,Book 94
30,Book 97
30,Book 124
30,Book 126
30,Book 132
30,Book 133
30,Book 146
30,Book 148
30,Book 158
30,Book 161
30,Book 162
30,Book 212
30,Book 214
30,Book 234
30,Book 252
30,Book 255
30,Book 256
30,Book 294
30,Book 324
30,Book 342
30,Book 356
30,Book 364
30,Book 383
30,Book 384
30,Book 390
30,Book 403
30,Book 404
30,Book 408
30,Book 422
30,Book 432
30,Book 434
30,Book 436
30,Book 447
30,Book 448
30,Book 509
30,Book 514
30,Book 527
30,Book 529
30,Book 554
30,Book 564
30,Book 565
30,Book 572
30,Book 577
30,Book 581
30,Book 590
30,Book 595
30,Book 636
30,Book 642
30,Book 650
30,Book 668
30,Book 669
30,Book 672
30,Book 688
30,Book 691
30,Book 706
30,Book 709
30,Book 715
30,Book 731
30,Book 746
30,Book 751
30,Book 753
30,Book 757
30,Book 761
30,Book 776
30,Book 782
30,Book 791
30,Book 797
30,Book 809
30,Book 832
30,Book 865
30,Book 876
30,Book 882
30,Book 884
30,Book 891
30,Book 900
30,Book 928
30,Book 930
30,Book 932
30,Book 933
30,Book 937
30,Book 945
30,Book 949
30,Book 958
30,Book 974
30,Book 996
31,Book 3
31,Book 13
31,Book 21
31,Book 33
31,Book 35
31,Book 37
31,Book 50
31,Book 52
31,Book 54
31,Book 70
31,Book 82
31,Book 89
31,Book 95
31,Book 96
31,Book 133
31,Book 135
31,Book 137
31,Book 138
31,Book 139
31,Book 142
31,Book 163
31,Book 166
31,Book 172
31,Book 201
31,Book 203
31,Book 241
31,Book 244
31,Book 245
31,Book 260
31,Book 274
31,Book 276
31,Book 294
31,Book 296
31,Book 308
31,Book 320
31,Book 322
31,Book 326
31,Book 328
31,Book 344
31,Book 356
31,Book 384
31,Book 390
31,Book 400
31,Book 401
31,Book 414
31,Book 427
31,Book 435
31,Book 446
31,Book 454
31,Book 459
31,Book 470
31,Book 477
31,Book 501
31,Book 504
31,Book 518
31,Book 535
31,Book 541
31,Book 548
31,Book 550
31,Book 552
31,Book 567
31,Book 582
31,Book 584
31,Book 585
31,Book 602
31,Book 611
31,Book 615
31,Book 641
31,Book 661
31,Book 663
31,Book 666
31,Book 677
31,Book 683
31,Book 686
31,Book 687
31,Book 697
31,Book 702
31,Book 705
31,Book 706
31,Book 711
31,Book 719
31,Book 746
31,Book 756
31,Book 758
31,Book 761
31,Book 766
31,Book 788
31,Book 790
31,Book 805
31,Book 812
31,Book 815
31,Book 828
31,Book 831
31,Book 833
31,Book 845
31,Book 879
31,Book 882
31,Book 904
31,Book 905
31,Book 920
31,Book 927
31,Book 933
31,Book 982
31,Book 990
31,Book 992
31,Book 995
31,Book 1000
32,Book 9
32,Book 24
32,Book 30
32,Book 32
32,Book 43
32,Book 53
32,Book 56
32,Book 62
32,Book 65
32,Book 66
32,Book 78
32,Book 81
32,Book 87
32,Book 97
32,Book 104
32,Book 106
32,Book 107
32,Book 121
32,Book 123
32,Book 130
32,Book 132
32,Book 134
32,Book 138
32,Book 147
32,Book 148
32,Book 172
32,Book 188
32,Book 203
32,Book 204
32,Book 223
32,Book 229
32,Book 234
32,Book 244
32,Book 266
32,Book 276
32,Book 280
32,Book 293
32,Book 312
32,Book 315
32,Book 339
32,Book 341
32,Book 352
32,Book 361
32,Book 366
32,Book 367
32,Book 386
32,Book 387
32,Book 390
32,Book 394
32,Book 400
32,Book 403
32,Book 409
32,Book 429
32,Book 452
32,Book 463
32,Book 467
32,Book 468
32,Book 480
32,Book 482
32,Book 489
32,Book 502
32,Book 505
32,Book 534
32,Book 544
32,Book 565
32,Book 569
32,Book 573
32,Book 575
32,Book 577
32,Book 585
32,Book 594
32,Book 606
32,Book 622
32,Book 625
32,Book 634
32,Book 635
32,Book 636
32,Book 644
32,Book 668
32,Book 670
32,Book 675
32,Book 676
32,Book 678
32,Book 706
32,Book 729
32,Book 734
32,Book 737
32,Book 744
32,Book 750
32,Book 761
32,Book 762
32,Book 764
32,Book 775
32,Book 786
32,Book 789
32,Book 818
32,Book 851
32,Book 852
32,Book 855
32,Book 858
32,Book 860
32,Book 876
32,Book 884
32,Book 894
32,Book 895
32,Book 900
32,Book 904
32,Book 907
32,Book 920
32,Book 928
32,Book 935
32,Book 942
32,Book 983
32,Book 987
33,Book 5
33,Book 9
33,Book 10
33,Book 19
33,Book 30
33,Book 32
33,Book 48
33,Book 74
33,Book 82
33,Book 92
33,Book 93
33,Book 108
33,Book 115
33,Book 139
33,Book 147
33,Book 154
33,Book 156
33,Book 165
33,Book 188
33,Book 201
33,Book 207
33,Book 219
33,Book 244
33,Book 247
33,Book 273
33,Book 283
33,Book 290
33,Book 303
33,Book 308
33,Book 314
33,Book 334
33,Book 336
33,Book 341
33,Book 361
33,Book 373
33,Book 375
33,Book 387
33,Book 389
33,Book 406
33,Book 411
33,Book 415
33,Book 424
33,Book 438
33,Book 439
33,Book 445
33,Book 482
33,Book 484
33,Book 534
33,Book 539
33,Book 540
33,Book 556
33,Book 562
33,Book 563
33,Book 565
33,Book 570
33,Book 588
33,Book 589
33,Book 593
33,Book 597
33,Book 610
33,Book 620
33,Book 624
33,Book 625
33,Book 656
33,Book 679
33,Book 692
33,Book 693
33,Book 707
33,Book 711
33,Book 743
33,Book 748
33,Book 757
33,Book 767
33,Book 768
33,Book 774
33,Book 777
33,Book 780
33,Book 790
33,Book 794
33,Book 796
33,Book 819
33,Book 854
33,Book 856
33,Book 857
33,Book 870
33,Book 872
33,Book 893
33,Book 898
33,Book 899
33,Book 930
33,Book 939
33,Book 953
33,Book 965
33,Book 968
33,Book 969
33,Book 978
34,Book 3
34,Book 6
34,Book 12
34,Book 30
34,Book 35
34,Book 41
34,Book 51
34,Book 65
34,Book 82
34,Book 91
34,Book 96
34,Book 104
34,Book 110
34,Book 114
34,Book 121
34,Book 122
34,Book 136
34,Book 148
34,Book 155
34,Book 160
34,Book 168
34,Book 186
34,Book 196
34,Book 200
34,Book 204
34,Book 210
34,Book 216
34,Book 234
34,Book 247
34,Book 257
34,Book 262
34,Book 277
34,Book 279
34,Book 282
34,Book 291
34,Book 293
34,Book 295
34,Book 299
34,Book 307
34,Book 311
34,Book 320
34,Book 326
34,Book 335
34,Book 338
34,Book 362
34,Book 364
34,Book 376
34,Book 408
34,Book 409
34,Book 410
34,Book 418
34,Book 423
34,Book 426
34,Book 433
34,Book 438
34,Book 450
34,Book 473
34,Book 480
34,Book 492
34,Book 497
34,Book 505
34,Book 531
34,Book 536
34,Book 559
34,Book 588
34,Book 600
34,Book 601
34,Book 615
34,Book 638
34,Book 660
34,Book 664
34,Book 670
34,Book 677
34,Book 692
34,Book 710
34,Book 726
34,Book 742
34,Book 745
34,Book 754
34,Book 757
34,Book 781
34,Book 787
34,Book 850
34,Book 852
34,Book 903
34,Book 911
34,Book 914
34,Book 927
34,Book 929
34,Book 933
34,Book 938
34,Book 940
34,Book 954
34,Book 965
34,Book 966
34,Book 976
34,Book 981
34,Book 988
34,Book 994
35,Book 13
35,Book 45
35,Book 46
35,Book 52
35,Book 54
35,Book 56
35,Book 66
35,Book 71
35,Book 75
35,Book 81
35,Book 93
35,Book 97
35,Book 106
35,Book 107
35,Book 117
35,Book 127
35,Book 134
35,Book 147
35,Book 149
35,Book 161
35,Book 186
35,Book 188
35,Book 196
35,Book 198
35,Book 205
35,Book 213
35,Book 214
35,Book 245
35,Book 250
35,Book 273
35,Book 329
35,Book 331
35,Book 340
35,Book 397
35,Book 422
35,Book 432
35,Book 495
35,Book 496
35,Book 505
35,Book 516
35,Book 531
35,Book 543
35,Book 546
35,Book 552
35,Book 553
35,Book 569
35,Book 571
35,Book 576
35,Book 581
35,Book 596
35,Book 598
35,Book 609
35,Book 620
35,Book 633
35,Book 634
35,Book 641
35,Book 645
35,Book 670
35,Book 700
35,Book 734
35,Book 742
35,Book 749
35,Book 776
35,Book 782
35,Book 799
35,Book 805
35,Book 806
35,Book 809
35,Book 814
35,Book 826
35,Book 827
35,Book 830
35,Book 838
35,Book 861
35,Book 862
35,Book 882
35,Book 887
35,Book 893
35,Book 901
35,Book 904
35,Book 905
35,Book 920
35,Book 937
35,Book 964
35,Book 965
35,Book 966
35,Book 971
35,Book 980
35,Book 999
35,Book 1000
36,Book 8
36,Book 13
36,Book 26
36,Book 29
36,Book 30
36,Book 51
36,Book 52
36,Book 66
36,Book 87
36,Book 89
36,Book 107
36,Book 134
36,Book 137
36,Book 170
36,Book 202
36,Book 216
36,Book 223
36,Book 227
36,Book 261
36,Book 267
36,Book 278
36,Book 279
36,Book 284
36,Book 295
36,Book 297
36,Book 298
36,Book 304
36,Book 307
36,Book 324
36,Book 342
36,Book 358
36,Book 362
36,Book 376
36,Book 379
36,Book 385
36,Book 391
36,Book 392
36,Book 393
36,Book 400
36,Book 408
36,Book 425
36,Book 431
36,Book 436
36,Book 439
36,Book 440
36,Book 446
36,Book 463
36,Book 478
36,Book 489
36,Book 496
36,Book 503
36,Book 518
36,Book 531
36,Book 547
36,Book 549
36,Book 564
36,Book 566
36,Book 568
36,Book 577
36,Book 600
36,Book 604
36,Book 615
36,Book 619
36,Book 622
36,Book 626
36,Book 656
36,Book 700
36,Book 709
36,Book 719
36,Book 743
36,Book 766
36,Book 772
36,Book 775
36,Book 783
36,Book 798
36,Book 826
36,Book 835
36,Book 837
36,Book 848
36,Book 853
36,Book 854
36,Book 855
36,Book 857
36,Book 859
36,Book 871
36,Book 873
36,Book 878
36,Book 880
36,Book 885
36,Book 893
36,Book 909
36,Book 926
36,Book 953
36,Book 959
36,Book 968
36,Book 970
36,Book 972
36,Book 979
36,Book 988
36,Book 991
36,Book 992
36,Book 993
37,Book 1
37,Book 2
37,Book 15
37,Book 17
37,Book 27
37,Book 31
37,Book 34
37,Book 40
37,Book 41
37,Book 60
37,Book 66
37,Book 90
37,Book 96
37,Book 103
37,Book 112
37,Book 120
37,Book 123
37,Book 126
37,Book 131
37,Book 137
37,Book 149
37,Book 161
37,Book 173
37,Book 187
37,Book 204
37,Book 216
37,Book 231
37,Book 232
37,Book 251
37,Book 254
37,Book 256
37,Book 280
37,Book 296
37,Book 302
37,Book 305
37,Book 314
37,Book 322
37,Book 328
37,Book 330
37,Book 334
37,Book 373
37,Book 393
37,Book 406
37,Book 418
37,Book 421
37,Book 425
37,Book 431
37,Book 479
37,Book 481
37,Book 500
37,Book 510
37,Book 515
37,Book 517
37,Book 523
37,Book 556
37,Book 557
37,Book 569
37,Book 574
37,Book 580
37,Book 583
37,Book 587
37,Book 589
37,Book 595
37,Book 601
37,Book 610
37,Book 617
37,Book 642
37,Book 654
37,Book 668
37,Book 674
37,Book 718
37,Book 731
37,Book 739
37,Book 750
37,Book 769
37,Book 814
37,Book 827
37,Book 835
37,Book 837
37,Book 839
37,Book 841
37,Book 849
37,Book 851
37,Book 852
37,Book 871
37,Book 872
37,Book 880
37,Book 885
37,Book 891
37,Book 905
37,Book 912
37,Book 920
37,Book 927
37,Book 935
37,Book 942
37,Book 952
37,Book 975
37,Book 976
37,Book 980
37,Book 982
37,Book 987
37,Book 999
38,Book 29
38,Book 40
38,Book 42
38,Book 53
38,Book 59
38,Book 100
38,Book 104
38,Book 109
38,Book 114
38,Book 129
38,Book 130
38,Book 146
38,Book 148
38,Book 167
38,Book 169
38,Book 183
38,Book 211
38,Book 212
38,Book 234
38,Book 239
38,Book 241
38,Book 243
38,Book 249
38,Book 252
38,Book 256
38,Book 277
38,Book 282
38,Book 286
38,Book 311
38,Book 342
38,Book 345
38,Book 348
38,Book 365
38,Book 367
38,Book 374
38,Book 388
38,Book 398
38,Book 407
38,Book 413
38,Book 414
38,Book 417
38,Book 422
38,Book 426
38,Book 459
38,Book 460
38,Book 471
38,Book 472
38,Book 474
38,Book 490
38,Book 493
38,Book 513
38,Book 546
38,Book 549
38,Book 567
38,Book 594
38,Book 604
38,Book 613
38,Book 626
38,Book 648
38,Book 656
38,Book 661
38,Book 665
38,Book 673
38,Book 677
38,Book 680
38,Book 681
38,Book 683
38,Book 694
38,Book 698
38,Book 700
38,Book 724
38,Book 730
38,Book 736
38,Book 740
38,Book 746
38,Book 767
38,Book 776
38,Book 803
38,Book 810
38,Book 813
38,Book 835
38,Book 842
38,Book 859
38,Book 868
38,Book 893
38,Book 901
38,Book 907
38,Book 909
38,Book 925
38,Book 932
38,Book 933
38,Book 964
38,Book 968
38,Book 970
38,Book 986
39,Book 49
39,Book 59
39,Book 62
39,Book 85
39,Book 87
39,Book 90
39,Book 98
39,Book 115
39,Book 133
39,Book 146
39,Book 147
39,Book 156
39,Book 161
39,Book 177
39,Book 179
39,Book 189
39,Book 191
39,Book 194
39,Book 201
39,Book 205
39,Book 207
39,Book 227
39,Book 234
39,Book 248
39,Book 252
39,Book 256
39,Book 259
39,Book 260
39,Book 268
39,Book 271
39,Book 272
39,Book 274
39,Book 282
39,Book 290
39,Book 330
39,Book 331
39,Book 333
39,Book 337
39,Book 342
39,Book 346
39,Book 357
39,Book 367
39,Book 374
39,Book 388
39,Book 398
39,Book 420
39,Book 427
39,Book 428
39,Book 446
39,Book 448
39,Book 464
39,Book 469
39,Book 475
39,Book 486
39,Book 490
39,Book 494
39,Book 505
39,Book 508
39,Book 528
39,Book 535
39,Book 536
39,Book 549
39,Book 563
39,Book 575
39,Book 586
39,Book 599
39,Book 604
39,Book 615
39,Book 632
39,Book 652
39,Book 654
39,Book 661
39,Book 681
39,Book 682
39,Book 693
39,Book 696
39,Book 708
39,Book 709
39,Book 713
39,Book 733
39,Book 741
39,Book 744
39,Book 748
39,Book 752
39,Book 770
39,Book 782
39,Book 787
39,Book 788
39,Book 801
39,Book 804
39,Book 865
39,Book 867
39,Book 871
39,Book 877
39,Book 880
39,Book 887
39,Book 931
39,Book 935
39,Book 944
39,Book 952
39,Book 966
39,Book 974
39,Book 979
39,Book 980
39,Book 986
39,Book 989
39,Book 995
39,Book 997
40,Book 3
40,Book 9
40,Book 18
40,Book 23
40,Book 24
40,Book 29
40,Book 34
40,Book 42
40,Book 45
40,Book 50
40,Book 68
40,Book 90
40,Book 97
40,Book 110
40,Book 146
40,Book 163
40,Book 173
40,Book 174
40,Book 180
40,Book 188
40,Book 189
40,Book 200
40,Book 201
40,Book 261
40,Book 274
40,Book 279
40,Book 283
40,Book 284
40,Book 289
40,Book 306
40,Book 314
40,Book 329
40,Book 330
40,Book 362
40,Book 367
40,Book 371
40,Book 384
40,Book 394
40,Book 404
40,Book 437
40,Book 452
40,Book 466
40,Book 480
40,Book 486
40,Book 491
40,Book 500
40,Book 519
40,Book 520
40,Book 523
40,Book 525
40,Book 527
40,Book 533
40,Book 551
40,Book 555
40,Book 559
40,Book 569
40,Book 573
40,Book 578
40,Book 585
40,Book 595
40,Book 608
40,Book 609
40,Book 625
40,Book 627
40,Book 633
40,Book 651
40,Book 652
40,Book 661
40,Book 664
40,Book 666
40,Book 668
40,Book 669
40,Book 680
40,Book 703
40,Book 711
40,Book 717
40,Book 726
40,Book 733
40,Book 744
40,Book 803
40,Book 811
40,Book 812
40,Book 817
40,Book 821
40,Book 826
40,Book 829
40,Book 837
40,Book 846
40,Book 865
40,Book 876
40,Book 880
40,Book 900
40,Book 901
40,Book 917
40,Book 932
40,Book 933
40,Book 949
40,Book 979
40,Book 989
40,Book 990
40,Book 995
41,Book 11
41,Book 14
41,Book 22
41,Book 38
41,Book 46
41,Book 53
41,Book 66
41,Book 70
41,Book 73
41,Book 75
41,Book 80
41,Book 109
41,Book 110
41,Book 117
41,Book 118
41,Book 120
41,Book 125
41,Book 129
41,Book 130
41,Book 133
41,Book 135
41,Book 142
41,Book 143
41,Book 149
41,Book 155
41,Book 162
41,Book 166
41,Book 172
41,Book 186
41,Book 195
41,Book 203
41,Book 209
41,Book 213
41,Book 234
41,Book 235
41,Book 238
41,Book 239
41,Book 279
41,Book 290
41,Book 306
41,Book 309
41,Book 310
41,Book 312
41,Book 323
41,Book 328
41,Book 332
41,Book 333
41,Book 341
41,Book 343
41,Book 347
41,Book 357
41,Book 364
41,Book 365
41,Book 403
41,Book 408
41,Book 413
41,Book 414
41,Book 417
41,Book 439
41,Book 449
41,Book 452
41,Book 465
41,Book 472
41,Book 478
41,Book 484
41,Book 485
41,Book 496
41,Book 498
41,Book 501
41,Book 506
41,Book 517
41,Book 526
41,Book 548
41,Book 549
41,Book 559
41,Book 578
41,Book 628
41,Book 648
41,Book 651
41,Book 658
41,Book 666
41,Book 673
41,Book 676
41,Book 681
41,Book 688
41,Book 698
41,Book 703
41,Book 704
41,Book 708
41,Book 725
41,Book 746
41,Book 747
41,Book 757
41,Book 763
41,Book 773
41,Book 795
41,Book 833
41,Book 866
41,Book 875
41,Book 881
41,Book 892
41,Book 897
41,Book 898
41,Book 899
41,Book 912
41,Book 929
41,Book 936
41,Book 952
41,Book 955
41,Book 969
41,Book 975
41,Book 992
41,Book 993
41,Book 995
42,Book 1
42,Book 6
42,Book 14
42,Book 22
42,Book 25
42,Book 29
42,Book 34
42,Book 42
42,Book 49
42,Book 50
42,Book 53
42,Book 59
42,Book 60
42,Book 62
42,Book 63
42,Book 70
42,Book 71
42,Book 80
42,Book 96
42,Book 107
42,Book 131
42,Book 154
42,Book 164
42,Book 176
42,Book 194
42,Book 211
42,Book 213
42,Book 220
42,Book 243
42,Book 244
42,Book 249
42,Book 252
42,Book 275
42,Book 281
42,Book 285
42,Book 290
42,Book 303
42,Book 317
42,Book 323
42,Book 325
42,Book 326
42,Book 334
42,Book 335
42,Book 341
42,Book 351
42,Book 356
42,Book 362
42,Book 379
42,Book 386
42,Book 406
42,Book 424
42,Book 434
42,Book 454
42,Book 455
42,Book 456
42,Book 484
42,Book 486
42,Book 521
42,Book 565
42,Book 569
42,Book 583
42,Book 598
42,Book 601
42,Book 604
42,Book 621
42,Book 682
42,Book 695
42,Book 702
42,Book 712
42,Book 731
42,Book 741
42,Book 747
42,Book 766
42,Book 769
42,Book 777
42,Book 782
42,Book 794
42,Book 795
42,Book 817
42,Book 832
42,Book 841
42,Book 845
42,Book 851
42,Book 855
42,Book 876
42,Book 890
42,Book 911
42,Book 944
42,Book 974
42,Book 978
43,Book 1
43,Book 5
43,Book 7
43,Book 15
43,Book 31
43,Book 36
43,Book 46
43,Book 48
43,Book 50
43,Book 61
43,Book 83
43,Book 90
43,Book 92
43,Book 95
43,Book 119
43,Book 132
43,Book 139
43,Book 141
43,Book 144
43,Book 148
43,Book 154
43,Book 163
43,Book 166
43,Book 191
43,Book 199
43,Book 201
43,Book 214
43,Book 220
43,Book 229
43,Book 237
43,Book 240
43,Book 262
43,Book 264
43,Book 274
43,Book 310
43,Book 337
43,Book 342
43,Book 343
43,Book 364
43,Book 369
43,Book 377
43,Book 408
43,Book 415
43,Book 430
43,Book 431
43,Book 444
43,Book 446
43,Book 452
43,Book 457
43,Book 473
43,Book 481
43,Book 486
43,Book 487
43,Book 503
43,Book 514
43,Book 515
43,Book 516
43,Book 517
43,Book 527
43,Book 532
43,Book 533
43,Book 538
43,Book 552
43,Book 553
43,Book 557
43,Book 568
43,Book 570
43,Book 578
43,Book 579
43,Book 582
43,Book 583
43,Book 597
43,Book 601
43,Book 603
43,Book 615
43,Book 621
43,Book 626
43,Book 629
43,Book 630
43,Book 636
43,Book 648
43,Book 668
43,Book 684
43,Book 712
43,Book 729
43,Book 751
43,Book 756
43,Book 775
43,Book 790
43,Book 793
43,Book 796
43,Book 797
43,Book 817
43,Book 842
43,Book 846
43,Book 869
43,Book 874
43,Book 886
43,Book 943
43,Book 944
43,Book 946
43,Book 953
43,Book 960
43,Book 961
44,Book 6
44,Book 16
44,Book 17
44,Book 32
44,Book 45
44,Book 48
44,Book 77
44,Book 85
44,Book 87
44,Book 95
44,Book 100
44,Book 104
44,Book 111
44,Book 117
44,Book 119
44,Book 129
44,Book 137
44,Book 151
44,Book 154
44,Book 156
44,Book 174
44,Book 199
44,Book 204
44,Book 211
44,Book 216
44,Book 243
44,Book 251
44,Book 252
44,Book 254
44,Book 261
44,Book 263
44,Book 275
44,Book 305
44,Book 331
44,Book 361
44,Book 367
44,Book 403
44,Book 412
44,Book 419
44,Book 435
44,Book 438
44,Book 446
44,Book 448
44,Book 454
44,Book 459
44,Book 463
44,Book 467
44,Book 477
44,Book 490
44,Book 513
44,Book 514
44,Book 529
44,Book 540
44,Book 564
44,Book 569
44,Book 570
44,Book 571
44,Book 581
44,Book 632
44,Book 637
44,Book 654
44,Book 676
44,Book 677
44,Book 682
44,Book 685
44,Book 691
44,Book 692
44,Book 699
44,Book 700
44,Book 710
44,Book 726
44,Book 745
44,Book 746
44,Book 749
44,Book 750
44,Book 757
44,Book 759
44,Book 766
44,Book 782
44,Book 792
44,Book 816
44,Book 819
44,Book 826
44,Book 837
44,Book 841
44,Book 849
44,Book 856
44,Book 873
44,Book 886
44,Book 888
44,Book 894
44,Book 895
44,Book 924
44,Book 949
44,Book 951
44,Book 956
44,Book 959
44,Book 960
44,Book 965
44,Book 995
45,Book 22
45,Book 24
45,Book 26
45,Book 30
45,Book 46
45,Book 69
45,Book 87
45,Book 88
45,Book 93
45,Book 96
45,Book 100
45,Book 102
45,Book 103
45,Book 109
45,Book 122
45,Book 126
45,Book 127
45,Book 141
45,Book 156
45,Book 194
45,Book 210
45,Book 211
45,Book 226
45,Book 228
45,Book 230
45,Book 237
45,Book 245
45,Book 255
45,Book 272
45,Book 293
45,Book 320
45,Book 326
45,Book 357
45,Book 360
45,Book 365
45,Book 397
45,Book 400
45,Book 410
45,Book 413
45,Book 420
45,Book 449
45,Book 466
45,Book 476
45,Book 489
45,Book 501
45,Book 503
45,Book 504
45,Book 505
45,Book 524
45,Book 554
45,Book 561
45,Book 571
45,Book 579
45,Book 595
45,Book 601
45,Book 617
45,Book 625
45,Book 631
45,Book 640
45,Book 644
45,Book 665
45,Book 670
45,Book 683
45,Book 693
45,Book 696
45,Book 698
45,Book 702
45,Book 706
45,Book 725
45,Book 768
45,Book 773
45,Book 784
45,Book 793
45,Book 801
45,Book 802
45,Book 803
45,Book 806
45,Book 826
45,Book 829
45,Book 846
45,Book 851
45,Book 853
45,Book 856
45,Book 862
45,Book 866
45,Book 883
45,Book 888
45,Book 894
45,Book 898
45,Book 899
45,Book 900
45,Book 919
45,Book 922
45,Book 925
45,Book 928
45,Book 934
45,Book 951
45,Book 972
45,Book 987
45,Book 992
45,Book 993
45,Book 995
46,Book 3
46,Book 13
46,Book 21
46,Book 30
46,Book 32
46,Book 45
46,Book 48
46,Book 50
46,Book 73
46,Book 80
46,Book 94
46,Book 102
46,Book 115
46,Book 116
46,Book 134
46,Book 135
46,Book 144
46,Book 150
46,Book 153
46,Book 162
46,Book 176
46,Book 178
46,Book 182
46,Book 207
46,Book 210
46,Book 216
46,Book 222
46,Book 236
46,Book 240
46,Book 244
46,Book 265
46,Book 266
46,Book 267
46,Book 269
46,Book 271
46,Book 276
46,Book 284
46,Book 295
46,Book 315
46,Book 325
46,Book 330
46,Book 334
46,Book 347
46,Book 355
46,Book 365
46,Book 397
46,Book 400
46,Book 413
46,Book 422
46,Book 441
46,Book 444
46,Book 446
46,Book 454
46,Book 469
46,Book 471
46,Book 472
46,Book 474
46,Book 476
46,Book 491
46,Book 493
46,Book 494
46,Book 501
46,Book 544
46,Book 548
46,Book 556
46,Book 571
46,Book 574
46,Book 582
46,Book 585
46,Book 588
46,Book 613
46,Book 637
46,Book 644
46,Book 667
46,Book 675
46,Book 678
46,Book 694
46,Book 700
46,Book 709
46,Book 712
46,Book 716
46,Book 718
46,Book 722
46,Book 735
46,Book 744
46,Book 767
46,Book 805
46,Book 814
46,Book 818
46,Book 821
46,Book 822
46,Book 834
46,Book 843
46,Book 849
46,Book 899
46,Book 937
46,Book 943
46,Book 945
46,Book 963
46,Book 964
46,Book 971
46,Book 985
46,Book 988
46,Book 992
47,Book 11
47,Book 19
47,Book 32
47,Book 34
47,Book 35
47,Book 45
47,Book 52
47,Book 57
47,Book 82
47,Book 98
47,Book 103
47,Book 123
47,Book 128
47,Book 133
47,Book 138
47,Book 155
47,Book 160
47,Book 176
47,Book 180
47,Book 187
47,Book 197
47,Book 203
47,Book 204
47,Book 211
47,Book 235
47,Book 271
47,Book 272
47,Book 284
47,Book 287
47,Book 299
47,Book 311
47,Book 335
47,Book 337
47,Book 349
47,Book 354
47,Book 360
47,Book 364
47,Book 376
47,Book 377
47,Book 379
47,Book 393
47,Book 415
47,Book 420
47,Book 424
47,Book 435
47,Book 442
47,Book 464
47,Book 478
47,Book 479
47,Book 486
47,Book 509
47,Book 518
47,Book 524
47,Book 536
47,Book 544
47,Book 545
47,Book 552
47,Book 559
47,Book 561
47,Book 565
47,Book 577
47,Book 583
47,Book 587
47,Book 590
47,Book 628
47,Book 669
47,Book 670
47,Book 687
47,Book 692
47,Book 713
47,Book 718
47,Book 729
47,Book 730
47,Book 747
47,Book 754
47,Book 779
47,Book 782
47,Book 803
47,Book 821
47,Book 844
47,Book 848
47,Book 860
47,Book 863
47,Book 873
47,Book 881
47,Book 897
47,Book 902
47,Book 915
47,Book 922
47,Book 962
47,Book 965
47,Book 981
47,Book 984
47,Book 995
48,Book 16
48,Book 20
48,Book 30
48,Book 45
48,Book 49
48,Book 78
48,Book 79
48,Book 84
48,Book 136
48,Book 161
48,Book 164
48,Book 188
48,Book 204
48,Book 240
48,Book 247
48,Book 250
48,Book 258
48,Book 261
48,Book 263
48,Book 274
48,Book 276
48,Book 280
48,Book 292
48,Book 296
48,Book 300
48,Book 301
48,Book 304
48,Book 309
48,Book 318
48,Book 327
48,Book 331
48,Book 332
48,Book 338
48,Book 349
48,Book 350
48,Book 357
48,Book 358
48,Book 368
48,Book 400
48,Book 402
48,Book 409
48,Book 423
48,Book 425
48,Book 435
48,Book 440
48,Book 448
48,Book 449
48,Book 475
48,Book 509
48,Book 517
48,Book 521
48,Book 523
48,Book 525
48,Book 531
48,Book 532
48,Book 546
48,Book 548
48,Book 552
48,Book 553
48,Book 565
48,Book 571
48,Book 591
48,Book 595
48,Book 602
48,Book 612
48,Book 613
48,Book 631
48,Book 644
48,Book 663
48,Book 687
48,Book 694
48,Book 705
48,Book 707
48,Book 709
48,Book 711
48,Book 717
48,Book 720
48,Book 722
48,Book 723
48,Book 726
48,Book 751
48,Book 758
48,Book 778
48,Book 782
48,Book 783
48,Book 803
48,Book 814
48,Book 815
48,Book 820
48,Book 822
48,Book 831
48,Book 835
48,Book 836
48,Book 841
48,Book 843
48,Book 848
48,Book 864
48,Book 866
48,Book 886
48,Book 888
48,Book 898
48,Book 918
48,Book 950
48,Book 952
48,Book 953
48,Book 975
48,Book 978
48,Book 979
49,Book 9
49,Book 12
49,Book 22
49,Book 29
49,Book 34
49,Book 35
49,Book 40
49,Book 67
49,Book 73
49,Book 89
49,Book 92
49,Book 96
49,Book 100
49,Book 105
49,Book 107
49,Book 121
49,Book 129
49,Book 161
49,Book 164
49,Book 166
49,Book 176
49,Book 203
49,Book 221
49,Book 234
49,Book 241
49,Book 249
49,Book 256
49,Book 279
49,Book 288
49,Book 311
49,Book 320
49,Book 365
49,Book 382
49,Book 385
49,Book 390
49,Book 396
49,Book 407
49,Book 411
49,Book 428
49,Book 429
49,Book 433
49,Book 437
49,Book 443
49,Book 451
49,Book 458
49,Book 461
49,Book 463
49,Book 471
49,Book 478
49,Book 496
49,Book 505
49,Book 510
49,Book 535
49,Book 543
49,Book 545
49,Book 547
49,Book 559
49,Book 578
49,Book 599
49,Book 608
49,Book 613
49,Book 619
49,Book 620
49,Book 623
49,Book 633
49,Book 635
49,Book 639
49,Book 642
49,Book 654
49,Book 660
49,Book 669
49,Book 684
49,Book 693
49,Book 695
49,Book 716
49,Book 717
49,Book 722
49,Book 750
49,Book 759
49,Book 770
49,Book 777
49,Book 792
49,Book 809
49,Book 813
49,Book 830
49,Book 834
49,Book 872
49,Book 877
49,Book 883
49,Book 891
49,Book 921
49,Book 939
49,Book 945
49,Book 952
49,Book 973
49,Book 997
50,Book 2
50,Book 20
50,Book 29
50,Book 31
50,Book 45
50,Book 110
50,Book 136
50,Book 146
50,Book 158
50,Book 176
50,Book 195
50,Book 218
50,Book 231
50,Book 245
50,Book 257
50,Book 287
50,Book 315
50,Book 320
50,Book 327
50,Book 328
50,Book 332
50,Book 340
50,Book 348
50,Book 350
50,Book 376
50,Book 377
50,Book 378
50,Book 386
50,Book 389
50,Book 391
50,Book 438
50,Book 456
50,Book 461
50,Book 463
50,Book 469
50,Book 487
50,Book 493
50,Book 500
50,Book 514
50,Book 517
50,Book 527
50,Book 532
50,Book 562
50,Book 569
50,Book 576
50,Book 593
50,Book 596
50,Book 606
50,Book 612
50,Book 613
50,Book 634
50,Book 648
50,Book 661
50,Book 668
50,Book 691
50,Book 696
50,Book 730
50,Book 733
50,Book 754
50,Book 761
50,Book 762
50,Book 771
50,Book 783
50,Book 788
50,Book 810
50,Book 811
50,Book 830
50,Book 835
50,Book 845
50,Book 849
50,Book 856
50,Book 879
50,Book 881
50,Book 894
50,Book 900
50,Book 915
50,Book 936
50,Book 941
50,Book 950
50,Book 972
50,Book 978
